Price,Close,High,Low,Open,Volume
Ticker,AAPL,AAPL,AAPL,AAPL,AAPL
Date,,,,,
2024-01-02,183.9032440185547,186.67705163638013,182.16961614691823,185.3991117688797,82488700
2024-01-03,182.52621459960938,184.14096966630487,181.7138790075681,182.4964964795135,58414500
2024-01-04,180.20814514160156,181.37709839926953,179.18778251294714,180.44589014802324,71983600
2024-01-05,179.4849395751953,181.05015949262307,178.48439420396812,180.28737421180142,62379700
2024-01-08,183.82398986816406,183.86362411289957,179.80197564152536,180.38645226507356,59144500
2024-01-09,183.40792846679688,183.41782947036643,181.02047151140061,182.1993409257264,42841800
2024-01-10,184.44805908203125,184.65608591378964,182.19929235625014,182.62527725276104,46792900
2024-01-11,183.85369873046875,185.3000462697353,181.90212796654464,184.79480792904317,49128400
2024-01-12,184.1806182861328,184.99295400827782,183.45745205458948,184.31930790747037,40477800
2024-01-16,181.9120330810547,182.5361287641061,179.23728115128065,180.45578462721193,65603000
2024-01-17,180.9709014892578,181.21856257523459,178.61317822966134,179.5741044525339,47317400
2024-01-18,186.86526489257812,187.3704881134165,184.0914574471942,184.34901955890965,78005800
2024-01-19,189.76783752441406,190.15418823308323,187.0534815615711,187.5587047602819,68903000
2024-01-22,192.07601928710938,193.5025494721613,190.46126426985865,190.50089850612792,60133900
2024-01-23,193.35398864746094,193.91866327514697,192.0166276255296,193.1954970136862,42355600
2024-01-24,192.68035888671875,194.54277541900203,192.52185213587853,193.59175002999643,53631300
2024-01-25,192.35342407226562,194.43378338829353,191.30334341188293,193.39360373027958,54822100
2024-01-26,190.6197967529297,192.93790105900956,190.14429166563914,192.45249496932922,44594000
2024-01-29,189.9362335205078,190.40183756577807,187.80635425336052,190.213612724154,47145600
2024-01-30,186.28076171875,190.00559424490717,185.71610228505008,189.15363947733223,55859400
2024-01-31,182.6748504638672,185.34960286351708,182.62533032879216,185.29015149256165,55467800
2024-02-01,185.11183166503906,185.2009860420896,182.10027903950464,182.2686867903897,64885400
2024-02-02,184.11126708984375,185.5774165638072,177.57300802816712,178.1773017145222,102551700
2024-02-05,185.9241485595703,187.47946764726828,184.1013663460926,186.38975267397447,69668800
2024-02-06,187.52899169921875,187.53889270164484,185.02266252630227,185.1118168962398,43490800
2024-02-07,187.63796997070312,189.26262627331204,186.8454513829838,188.85645841865113,53439000
2024-02-08,186.55816650390625,187.7667388029894,185.5972401965417,187.61814818475136,40962000
2024-02-09,187.32191467285156,188.45268968737696,186.4787864459619,187.12352087688578,45155200
2024-02-12,185.6356658935547,187.14337102036012,185.27857823550397,186.89539390047275,41781900
2024-02-13,183.54275512695312,184.70330147289806,182.02513622573113,184.26685928046126,56529500
2024-02-14,182.6599578857422,184.02879656144881,180.9638026996327,183.82050423664703,54630500
2024-02-15,182.372314453125,182.99722170980874,179.88262933424807,182.06482521105013,65434500
2024-02-16,180.8348388671875,183.35429496994237,180.2000180232841,181.9358579237584,49752500
2024-02-20,180.09091186523438,180.95386745060242,178.54353696650966,180.31904659124555,53665600
2024-02-21,180.84475708007812,181.41013702999714,179.19818540957374,180.46782702325083,41371400
2024-02-22,182.87815856933594,183.46339606563654,180.98362490692526,181.99536064224762,52292200
2024-02-23,181.04315185546875,183.54275049121756,180.75548990166286,183.51299444569602,45119700
2024-02-26,179.69415283203125,181.28119739799624,179.18826979539264,180.7654158601022,40867400
2024-02-27,181.15225219726562,182.43180748858953,178.1070858709482,179.6346334198553,54318900
2024-02-28,179.95205688476562,181.63829848228303,178.67250144683115,181.03323362922586,48953900
2024-02-29,179.2874755859375,181.09275646398507,178.07734590919267,179.80327228471162,136682600
2024-03-01,178.206298828125,179.06925444803085,175.94474848019505,178.09718827908785,73563100
2024-03-04,173.6831817626953,175.46860492728393,172.38376893378626,174.7246735635979,81510100
2024-03-05,168.7434844970703,170.64794717373948,168.24753020204216,169.37830538929336,95132400
2024-03-06,167.75157165527344,169.85442810491517,167.31512946505867,169.67587669286206,68587700
2024-03-07,167.63253784179688,169.34853532264208,167.12666995146384,167.78131806385875,71765100
2024-03-08,169.34854125976562,172.29451084245372,167.5730316278488,167.63254371875993,76267000
2024-03-11,171.35220336914062,172.96901916174485,170.65787040570808,171.54066841678448,60139500
2024-03-12,171.82830810546875,172.62183794587216,169.62626998762764,171.7489536078961,59825400
2024-03-13,169.7453155517578,171.78864474969012,169.37829909505535,171.37204497358655,52488700
2024-03-14,171.60015869140625,172.89955631533712,170.65784870831544,171.5108905650266,72913500
2024-03-15,171.22323608398438,171.22323608398438,168.91208752136302,169.78497182252738,121752700
2024-03-18,172.31434631347656,176.27206668827822,172.11596763998543,174.1493830977455,75604200
2024-03-19,174.65524291992188,175.18095319129145,171.62991909909198,172.92931675607417,55215200
2024-03-20,177.2242889404297,177.2242889404297,173.67325471299228,174.29816190798687,53423100
2024-03-21,169.9833526611328,176.05384289670778,169.45764237357878,175.61740074055217,106181300
2024-03-22,170.88600158691406,171.64977539848843,168.68396342338923,170.37020490965267,71160100
2024-03-25,169.46759033203125,170.54876707334867,168.0789092110998,169.18985713490977,54288300
2024-03-26,168.3367919921875,170.0329469889122,168.20783904863555,168.62443878704727,57388400
2024-03-27,171.90765380859375,172.19531573949365,168.7335497446837,169.03112531152695,60273300
2024-03-28,170.09246826171875,170.83639964948821,169.13031578937776,170.36028779920613,65672700
2024-04-01,168.65419006347656,169.86431956551354,168.10863739693175,169.80480748103986,46240500
2024-04-02,167.4738311767578,167.96978543762384,166.86876637308836,167.71189467068976,49329500
2024-04-03,168.27728271484375,169.29894733031932,167.2159484161416,167.42424073989756,47691700
2024-04-04,167.45401000976562,170.52891745806397,167.45401000976562,168.91210166538218,53704400
2024-04-05,168.20785522460938,169.01129873561936,167.5829479892356,168.21776886148135,42104800
2024-04-08,167.08702087402344,167.83095241409953,166.87872851858467,167.66232974792138,37425500
2024-04-09,168.29710388183594,168.70378997636425,166.98779260608748,167.33495148030394,42373800
2024-04-10,166.4224090576172,167.72180678766216,165.75783217031642,167.43415997850798,49709300
2024-04-11,173.6236572265625,174.040272115757,166.7993370367697,166.97787330186227,91070300
2024-04-12,175.12142944335938,176.91678120926676,172.80036744109194,172.84995075238103,101670900
2024-04-15,171.2926788330078,175.20080068867838,171.10421379905583,173.94107267383276,73531800
2024-04-16,168.0094757080078,172.35402488220237,166.9084566077323,170.360294137519,73711200
2024-04-17,166.64064025878906,169.2691919230274,166.64064025878906,168.23761366668208,50901200
2024-04-18,165.68838500976562,167.27544462394533,165.20235954360626,166.67037984876308,43122900
2024-04-19,163.66490173339844,165.05356757276493,162.7523477339115,164.86511767231858,68149400
2024-04-22,164.49807739257812,165.90658543557495,163.43674332676036,164.18067459044096,48116400
2024-04-23,165.54953002929688,165.69832539217154,163.58555534900174,164.01208389352126,49537800
2024-04-24,167.65237426757812,167.93010742906517,164.86511388137603,165.19243035823263,48251800
2024-04-25,168.5153350830078,169.2295104164757,166.78940883790665,168.15824741627387,50558300
2024-04-26,167.93011474609375,169.95360145871248,167.81107543218243,168.50542350147623,44838400
2024-04-29,172.09613037109375,174.60565774723543,171.69937301226366,171.9671774185786,68169400
2024-04-30,168.95176696777344,173.5740639461448,168.62443536523762,171.92749229774822,65934800
2024-05-01,167.93011474609375,171.31252641733016,167.74164970644674,168.20784791968214,50383100
2024-05-02,171.6299285888672,172.0167723030629,169.50724497899176,171.11413192483198,94214900
2024-05-03,181.89617919921875,185.48688300008854,181.1820038934194,185.13970898312533,163224100
2024-05-06,180.2397003173828,182.70954279745968,178.9601298757301,180.87452115240256,78569700
2024-05-07,180.92410278320312,183.40387401178498,179.8528549315395,181.965609726272,77305800
2024-05-08,181.2613525390625,181.58868413827042,179.98178218440233,181.3704630721318,45057100
2024-05-09,183.07656860351562,183.16583674066726,180.63646690744054,181.0828227285221,48983000
2024-05-10,181.81512451171875,183.84135574437508,180.9013327671207,183.6526350835399,50759500
2024-05-13,185.02334594726562,185.837821467034,183.37454074079744,184.1890162605658,72044800
2024-05-14,186.1655731201172,187.029714327999,185.0332642686859,186.24503525163803,52393600
2024-05-15,188.44012451171875,189.36384333151435,186.1059718662387,186.6423374407049,70400000
2024-05-16,188.55931091308594,189.81082048816586,188.3805324914181,189.1850657006259,52845200
2024-05-17,188.58912658691406,189.52278774440742,187.903778922122,188.23155455119007,41282900
2024-05-20,189.75120544433594,190.62527366658756,187.73490137733788,188.052749878466,44361300
2024-05-21,191.05238342285156,191.42980957851574,189.6320225414164,189.80087387660714,42309400
2024-05-22,189.61216735839844,191.51922822288097,188.9864276944718,190.97293553544338,34648500
2024-05-23,185.61929321289062,189.7114944206788,185.370979738518,189.69162509909052,51005900
2024-05-24,188.6983642578125,189.2943226367172,186.771449342652,187.54620129756856,36327000
2024-05-28,188.7083282470703,191.69801725699202,187.82433281517635,190.21806337750198,52280100
2024-05-29,189.0062713623047,190.95305560689752,188.2315345598267,188.33086600869876,53068000
2024-05-30,189.99952697753906,190.88352231957748,189.34399093884022,189.47310363654154,49889100
2024-05-31,190.9530487060547,191.2708972062775,188.62883838261533,190.14851552916033,75158300
2024-06-03,192.72103881835938,193.67456916074488,191.22123099586668,191.5986571441052,50080500
2024-06-04,193.03890991210938,194.00236744942592,191.72780743235197,193.3269468870457,47471400
2024-06-05,194.5486297607422,195.5716800296083,193.55537589536917,194.08179923154876,54156800
2024-06-06,193.16799926757812,195.17437623382352,192.8600930073616,194.36984306207057,41181800
2024-06-07,195.56175231933594,195.6114180436154,192.83030419832767,193.33685821193552,53103900
2024-06-10,191.8171844482422,195.96899354752293,190.8537269722117,195.57168290202756,97010200
2024-06-11,205.7525177001953,205.7624599378956,192.32373729563466,192.34359145933493,172373300
2024-06-12,211.63262939453125,218.71451985221412,205.50423909920426,205.97106967477507,198134300
2024-06-13,212.7947235107422,215.2877853731434,210.17253378994005,213.29135046662026,97862700
2024-06-14,211.05653381347656,213.71844708080008,209.87455920751867,212.40735976944958,70122700
2024-06-17,215.20831298828125,217.47293058672338,211.28496325493592,211.93057220447776,93728300
2024-06-18,212.8443603515625,217.15509356895643,211.56306955662498,216.12210108008887,79943300
2024-06-20,208.2654571533203,212.79470737847507,207.44106980621038,212.48678595825902,86172500
2024-06-21,206.0902557373047,210.4605668046439,205.71281440805072,208.9706859649803,241805100
2024-06-24,206.73587036132812,211.2651058128792,205.19632375372012,206.3187055335118,80727000
2024-06-25,207.6595916748047,209.95400566525086,207.20268823087267,207.73903864641352,55549700
2024-06-26,211.8114013671875,213.41054080672134,209.2190079939271,210.07320698316605,66213200
2024-06-27,212.6556854248047,214.28462136296307,210.917490941459,213.24170164178506,49772700
2024-06-28,209.1991424560547,214.61238861747256,208.88130907255572,214.31440940079366,82542700
2024-07-01,215.28778076171875,216.0426482623776,210.4903626519942,210.65921399467373,60402900
2024-07-02,218.78402709960938,218.89328562800327,213.6489065767971,214.6918109818244,58046200
2024-07-03,220.05538940429688,220.05538940429688,217.55238550522975,218.51584293427166,37369800
2024-07-05,224.81307983398438,224.92233836715073,220.15471670620812,220.15471670620812,60412400
2024-07-08,226.28309631347656,226.31289271610447,221.743919005718,225.55801010059582,59085900
2024-07-09,227.1372833251953,227.85242731023644,224.84286935479298,226.3923429370984,48076100
2024-07-10,231.4082794189453,231.50761086701095,227.70344677503346,227.75311249906628,62627700
2024-07-11,226.0347900390625,230.82226580227746,224.2469300453064,229.82901193417422,64710600
2024-07-12,228.98475646972656,231.07059580434316,227.13730353661973,227.3756899381295,53046500
2024-07-15,232.81871032714844,235.62962070976812,231.5175501306247,234.88468027763452,62631300
2024-07-16,233.2358856201172,234.67610072880163,230.76267797901863,233.41466404542834,43234300
2024-07-17,227.33595275878906,229.8985495862513,225.11105861290636,227.90209958898402,57345900
2024-07-18,222.6676483154297,228.88542732552744,220.7705449165008,228.7265030667722,66034600
2024-07-19,222.79678344726562,225.2699911539264,221.77373312637206,223.30335264411235,49151500
2024-07-22,222.44915771484375,226.24337986146955,221.58501648633228,225.47857008869346,48201800
2024-07-23,223.49203491210938,225.40902265142745,221.17775171010015,222.85635307829335,39960300
2024-07-24,217.06568908691406,223.28346786979841,215.66521268088363,222.48886176091068,61777600
2024-07-25,216.02279663085938,219.36013034825794,213.17214762576046,217.45306951901438,51391200
2024-07-26,216.4896240234375,218.0093012590926,214.55276681781487,217.22462220056258,41601300
2024-07-29,216.7677459716797,217.82059272630025,214.294538197557,215.49638213713573,36311800
2024-07-30,217.32395935058594,218.84363662609175,214.6620309808042,217.71132777069818,41643800
2024-07-31,220.58181762695312,222.31008478832948,219.14160257039833,219.94613576688096,50036300
2024-08-01,216.8869171142578,222.96562598955987,215.5559605569344,222.85636745689294,62501000
2024-08-02,218.37680053710938,224.0780833133434,216.24131073912352,217.6715836076827,105568600
2024-08-05,207.85826110839844,212.0597211288106,194.67777677399005,197.74692788266515,119548600
2024-08-06,205.83200073242188,208.5733911865651,199.7135682482994,203.91502798694503,69660500
2024-08-07,208.40452575683594,212.1987475040528,204.9976572409954,205.50421123787663,63516400
2024-08-08,211.87098693847656,212.7549823030523,207.42121371107248,211.67233918968967,47161100
2024-08-09,214.78123474121094,215.31758519349225,210.5400362270979,210.66916408754707,42201600
2024-08-12,216.3126220703125,218.281537024183,214.39343033300037,214.86080125653766,38028100
2024-08-13,220.03167724609375,220.64820259017597,217.7843155173404,217.7843155173404,44155300
2024-08-14,220.4791717529297,221.78183806687042,218.4704721927748,219.33561365974072,41960600
2024-08-15,223.4623565673828,224.0888356302054,221.51331902381992,223.34303300242357,46414000
2024-08-16,224.78492736816406,225.56056092969672,222.39834972442236,222.66684293368954,44340200
2024-08-19,224.6258087158203,224.7252551363764,221.79175263729985,224.45676193958974,40687800
2024-08-20,225.24234008789062,225.89865006504533,224.18827476461456,224.50649118022673,30299000
2024-08-21,225.13296508789062,226.70412456960102,223.7905293550798,225.25230383574092,34765500
2024-08-22,223.27342224121094,227.06209724349452,222.64694316501192,226.51517227009805,43695300
2024-08-23,225.5705108642578,226.9427926991927,223.07456326985692,224.39712188969804,38677300
2024-08-26,225.90858459472656,226.00803101617393,222.6370036872603,225.490936936756,30602200
2024-08-27,226.75384521484375,227.5692634267734,223.63141860700006,224.73520717839608,35934600
2024-08-28,225.22247314453125,228.57360836626125,224.41699349604747,226.64446298605537,38052200
2024-08-29,228.50399780273438,231.61648594304322,227.5991020536236,228.8122756660522,51906300
2024-08-30,227.71841430664062,229.11057321557684,226.2069166530855,228.90175696593346,52990800
2024-09-03,221.52330017089844,227.7184305167556,219.93224829880322,227.2709519194148,50190600
2024-09-04,219.61402893066406,220.53881694406624,216.2628786668988,220.41949337418052,43840200
2024-09-05,221.13546752929688,224.2181094473344,220.28027986462445,220.38966486266608,36615400
2024-09-06,219.58419799804688,223.97945984429646,218.54007124155592,222.69667077468378,48423000
2024-09-09,219.6737060546875,220.03169196273555,215.49721390972365,219.58421337102425,67180000
2024-09-10,218.87815856933594,220.24048653111632,215.5170698289156,217.69481595725216,51591000
2024-09-11,221.41390991210938,221.84149617822106,216.6706004766808,220.22062862304543,44587100
2024-09-12,221.52330017089844,222.29893378586118,218.58981250678085,221.2548069431359,37455600
2024-09-13,221.2548065185547,222.78618142445666,220.66811202153605,222.3287642541488,36766600
2024-09-16,215.10939025878906,216.00434741371936,212.72281255665072,215.32814508742544,59357400
2024-09-17,215.5767364501953,215.6861214463737,213.2995590231644,214.54256344637628,45519300
2024-09-18,219.45492553710938,221.46362499015893,216.322545198334,216.33249894497217,59894900
2024-09-19,227.58914184570312,228.53383738270648,223.37288038958053,223.7308662842885,66781300
2024-09-20,226.9228973388672,231.7855303113645,226.34614143297367,228.6829959505254,318679900
2024-09-23,225.2025604248047,228.16587858738447,224.54625047736963,226.06768660880982,54146000
2024-09-24,226.09754943847656,228.06647955891447,224.466728085426,227.3703848763016,43556100
2024-09-25,225.10313415527344,226.0179836305296,222.76629484001745,223.67119056847437,42308700
2024-09-26,226.24668884277344,227.2212000254045,224.1484968482946,226.02791885863684,36636700
2024-09-27,226.51515197753906,228.23548084641385,226.02790400494024,227.18141563214834,34026000
2024-09-30,231.69602966308594,231.69602966308594,228.3647716650959,228.75258844686658,54541900
2024-10-01,224.94403076171875,228.36476618305377,222.4878528116685,228.2355040411627,63285000
2024-10-02,225.51083374023438,226.09752818761766,221.771881889721,224.62581519597003,32880600
2024-10-03,224.4070587158203,225.5406782135141,222.07021935855937,223.8800260213992,34044200
2024-10-04,225.53074645996094,226.72402778202942,222.87569058700512,226.62458134960903,37245100
2024-10-07,220.4493408203125,224.42695529805295,220.09135491038006,223.24361256318196,39505400
2024-10-08,224.50650024414062,224.71531649859696,222.00059897690352,223.0447257693685,31855700
2024-10-09,228.2554168701172,228.46424832180904,223.57178397616042,223.9695393837496,33591100
2024-10-10,227.7581787109375,228.21561101279016,225.89864895817115,226.50523572074002,28183500
2024-10-11,226.27655029296875,228.1261416619367,226.06771885321956,228.01675665509578,31759200
2024-10-14,230.00555419921875,230.43314046117197,227.32066753158787,227.4200987868959,39882100
2024-10-15,232.54129028320312,236.1609188169062,231.06956201546166,232.3026279543652,64751400
2024-10-16,230.48284912109375,230.8209426799016,228.55370384388218,230.30386376880503,34082200
2024-10-17,230.8507843017578,232.5412825211578,229.22991678936268,232.12361966628396,32993800
2024-10-18,233.68482971191406,234.8582185948981,232.7003647541102,234.8582185948981,46431500
2024-10-21,235.1565399169922,235.52447953691794,233.13790198735873,233.13790198735873,36254500
2024-10-22,234.5400390625,234.89802497361626,231.29828871484364,232.5810627118631,38846600
2024-10-23,229.46856689453125,233.82405947286142,226.4853561254601,232.76999409553275,52287000
2024-10-24,229.27963256835938,229.52823345451665,227.131717270346,228.69292294524882,31109500
2024-10-25,230.1149444580078,231.91481257552053,228.2852454458818,228.4542922398222,38802300
2024-10-28,232.09378051757812,233.41633904858514,231.24854661133642,232.01424158684446,36087100
2024-10-29,232.36227416992188,233.01858415019296,231.0198384903425,231.79547204033784,35417200
2024-10-30,228.812255859375,232.1633908639167,228.26533088908346,231.30820323038637,47070900
2024-10-31,224.6457061767578,228.5437662121666,224.10871977089283,228.05650301771783,64370100
2024-11-01,221.6625213623047,224.0888686971337,219.03729633206578,219.73337585269815,65276700
2024-11-04,220.7675323486328,221.5431659237015,218.48041626355018,219.7532516264011,44944500
2024-11-05,222.19947814941406,222.6966799421733,219.90240829460964,220.55871830266648,28111300
2024-11-06,221.47357177734375,224.80482991830564,219.95213547791562,221.36418677402693,54561100
2024-11-07,226.20692443847656,226.6046949785728,223.31322152292373,223.37288331058951,42137700
2024-11-08,225.93814086914062,227.63048374280507,225.39061415381417,226.1471868576639,38328800
2024-11-11,223.22044372558594,224.6838265513218,220.50273927354334,223.9869812033736,42005600
2024-11-12,223.22044372558594,224.57432119735213,222.35436559242814,223.53901027898473,40398300
2024-11-13,224.10641479492188,225.62952490733255,221.75703985190805,223.00141185159572,48566200
2024-11-14,227.1924591064453,227.83952645793332,223.98695568104733,224.00686988588794,44923900
2024-11-15,223.98695373535156,225.89830725108274,223.26024476090137,225.38064426033654,47923700
2024-11-18,226.9933624267578,228.70561947942855,224.1561882479486,224.23582987715278,44633700
2024-11-19,227.252197265625,229.123737666772,225.63949596937007,225.95804731142948,36211800
2024-11-20,227.9689483642578,228.89475383274825,224.8729502483013,227.0331781982001,35169600
2024-11-21,227.49110412597656,229.12371949855563,224.69375844400457,227.8494838511811,42108300
2024-11-22,228.8350372314453,229.6812162999479,227.03318893672346,227.03318893672346,38168300
2024-11-25,231.82151794433594,232.19981188776785,228.70562083004268,230.41787789282506,90152800
2024-11-26,234.0016632080078,234.50937670519198,232.27945661483375,232.27945661483375,45986200
2024-11-27,233.87225341796875,234.62884134649127,232.75730092131053,233.41433300973634,33498400
2024-11-29,236.26144409179688,236.73927868022366,232.91657159263394,233.75278591990275,28481400
2024-12-02,238.51126098632812,239.70585504150458,236.0922091638524,236.20171450499868,48137100
2024-12-03,241.5574951171875,241.66700046466846,237.82437898500294,238.73028547870095,38861000
2024-12-04,241.91586303710938,243.01091645834052,240.16379275322726,241.77649398259703,44383900
2024-12-05,241.94573974609375,243.43898620611924,241.03984843814553,242.8914746561807,40033900
2024-12-06,241.74664306640625,243.5285923470879,240.99007032901886,241.81633519239523,36870600
2024-12-09,245.63902282714844,246.1268220997756,240.66153502923254,240.74117665680967,44649200
2024-12-10,246.65444946289062,247.09247084593116,244.23538234840328,245.77840669680953,36914800
2024-12-11,245.3802032470703,249.67079537394437,245.15122786747497,246.8435859006099,45205800
2024-12-12,246.84361267089844,247.62009965003742,244.57386397408158,245.77842285664238,32777500
2024-12-13,247.0128173828125,248.16758302178013,245.13132757947596,246.70421556592945,33155300
2024-12-16,249.9097137451172,250.2481944775453,246.53497744922532,246.87345818165343,51694800
2024-12-17,252.33872985839844,252.68716009783537,248.655391740455,248.95404406138837,51356400
2024-12-18,246.9331817626953,253.13512753347695,246.62457993830327,251.02467749046986,56774100
2024-12-19,248.66534423828125,250.86540066585474,245.97750369773615,246.3856613682502,60882300
2024-12-20,253.3441925048828,253.8518908180873,244.58381048961357,246.92322076153135,147495300
2024-12-23,254.12069702148438,254.49897581061583,252.30888395267968,253.62294818149482,40858800
2024-12-24,257.0374755859375,257.0474099027653,254.14055892454206,254.3396705835317,23234700
2024-12-26,257.853759765625,258.9289141129315,256.47003399402934,257.0275101814573,27237100
2024-12-27,254.43922424316406,257.53523753189216,251.92061656694878,256.66912911312295,42355300
2024-12-30,251.0644989013672,252.3586488565982,249.62103037787767,251.0943626150189,35557500
2024-12-31,249.29251098632812,252.1396347735265,248.30696287880588,251.30342042234355,39480700
2025-01-02,242.75210571289062,247.97846832553566,240.73124671787497,247.80922035937212,55740700
2025-01-03,242.26429748535156,243.08059762167903,240.80091479245596,242.26429748535156,40244100
2025-01-06,243.89691162109375,246.21642284830082,242.10501290585998,243.2100158477468,45045600
2025-01-07,241.11949157714844,244.44445006993732,240.2633629937866,241.8860138278822,40856000
2025-01-08,241.60726928710938,242.61273160476242,238.9692066706783,240.83078235887348,37628900
2025-01-10,235.7836151123047,239.0787097724967,231.95094323601768,238.9293760168756,61710900
2025-01-13,233.3446502685547,233.61343889555542,228.68572841435088,232.47857214721685,49630700
2025-01-14,232.22967529296875,235.05688478727922,231.4233246799516,233.69305795736565,39435300
2025-01-15,236.79901123046875,237.88411516800545,233.3744970274307,233.5835582088168,39832000
2025-01-16,227.2322998046875,236.93840239126823,227.00333958663936,236.2813854529523,71759100
2025-01-17,228.9445343017578,231.24413133243607,227.4512878984511,231.07489856287185,68488300
2025-01-21,221.63758850097656,223.40957304130882,218.39227174297113,222.99146586562136,98070400
2025-01-22,222.8222198486328,223.11090745632038,218.80040121474653,218.80040121474653,64126500
2025-01-23,222.65301513671875,226.0078374632505,221.29913768199057,223.72815445577547,60234800
2025-01-24,221.77694702148438,224.614121166801,220.4131202139208,223.76794215782238,54697900
2025-01-27,228.82508850097656,231.10477141655377,222.9715575076631,223.01138591977585,94863400
2025-01-28,237.18724060058594,239.10855876935992,229.7707868971689,229.81061530558512,75707600
2025-01-29,238.28231811523438,238.78006694024197,232.95639961161774,233.06590496072297,45486100
2025-01-30,236.52027893066406,239.7058683175974,236.14200015946125,237.59541819689565,55658300
2025-01-31,234.93743896484375,246.07705979363328,232.38896748106293,246.07705979363328,100959800
2025-02-03,226.98341369628906,230.78622201033428,224.68381655532258,228.9545099800506,73063300
2025-02-04,231.75186157226562,232.08037762753466,225.62954176239768,226.226846442903,45067300
2025-02-05,231.42333984375,231.62243633567465,227.24225275297744,227.50107667347064,39620300
2025-02-06,232.16995239257812,232.74734282564026,229.39250557129796,230.24863411824003,29925300
2025-02-07,226.60513305664062,232.946448173879,226.236788599926,231.55275755143822,39707200
2025-02-10,226.8741912841797,229.80417456619486,226.42572786906877,228.7876615470872,33115600
2025-02-11,231.82725524902344,234.42836130351915,227.35256634016287,227.4223198813819,53718400
2025-02-12,236.06277465820312,236.15247950770552,229.89386689621963,230.41209906543347,45243300
2025-02-13,240.70689392089844,241.514131106333,234.7672133917818,236.10264318513748,53614100
2025-02-14,243.7664337158203,244.71319316935814,240.1687356269457,240.4278440984732,40896200
2025-02-18,243.6368865966797,244.34445851454996,241.01584434943877,243.31796980618805,48822500
2025-02-19,244.03550720214844,245.17162160901916,242.33134319523683,243.8262313730556,32204200
2025-02-20,244.9922637939453,245.93902334816417,243.45750328110228,244.10529733899222,32316900
2025-02-21,244.71319580078125,247.84249441981407,244.38431857946645,245.11182656230832,53197400
2025-02-24,246.25791931152344,248.01191597096326,243.58704451830639,244.0953010258401,51326400
2025-02-25,246.1981201171875,249.14803959700342,244.0753891604379,247.15485528022737,48013300
2025-02-26,239.5408935546875,244.14514449402503,238.3150894487839,243.49736566903925,44433600
2025-02-27,236.49131774902344,241.6337368385667,236.25213016109495,238.5941277716784,41153600
2025-02-28,241.01583862304688,241.26498665715278,229.41550676334808,236.14250368420718,56833400
2025-03-03,237.21881103515625,243.1983635012748,235.3053560708129,240.96599177281342,47184000
2025-03-04,235.1259765625,239.25188262538288,233.88023638606123,236.89992456399492,53798100
2025-03-05,234.93663024902344,235.7438674276595,228.44880585950324,234.61771347352882,47227600
2025-03-06,234.5280303955078,237.04940729600818,232.3654272740836,233.64106399817908,45170400
2025-03-07,238.2552947998047,240.54744460053885,233.95996981993864,234.30878315837532,46273600
2025-03-10,226.70477294921875,235.35520052510583,223.45588808739058,234.73730306532093,72071200
2025-03-11,220.08740234375,225.0703629938446,216.7089556312574,223.04728218644934,76137400
2025-03-12,216.2405548095703,220.99430349899413,214.17761702040198,219.3897895710681,62547500
2025-03-13,208.96542358398438,216.10102664759694,207.70972301630272,215.21406028960521,61368300
2025-03-14,212.762451171875,213.22087501834247,208.86577244295887,210.53007941159925,60107600
2025-03-17,213.27072143554688,214.48656508270392,209.25445626243933,212.58307041465437,48073400
2025-03-18,211.96519470214844,214.4168029665515,210.76928711901598,213.43018643369246,42432400
2025-03-19,214.50648498535156,218.0144781615262,213.0215573102422,213.48995680484757,54385400
2025-03-20,213.37039184570312,216.74883872802718,211.49679368091097,213.2607660976187,48862900
2025-03-21,217.52618408203125,218.09423372936246,210.55999911901452,210.8390437188948,94127800
2025-03-24,219.977783203125,220.7252273230714,217.83511614199446,220.24686734420678,44299500
2025-03-25,222.9875030517578,223.33631640181736,219.33001153042758,220.01766257627696,34493600
2025-03-26,220.77505493164062,224.25316696482244,219.71866969932233,222.7483031053444,34466100
2025-03-27,223.087158203125,224.22327264250706,219.80836152348044,220.63553483035878,37094800
2025-03-28,217.1574249267578,223.04728822423488,216.93817343567548,220.91458161653458,39818600
2025-03-31,221.37301635742188,224.8511131847691,215.49311362240712,216.27045427307317,65299300
2025-04-01,222.42941284179688,222.9177332815032,218.15402384007052,219.06092638065368,36412700
2025-04-02,223.1270294189453,224.42260233406006,220.2668146407477,220.5657953452804,35905900
2025-04-03,202.49754333496094,206.78289223919597,200.56415230327434,204.8395255545537,103419000
2025-04-04,187.738037109375,199.19884701911502,186.70157274086588,193.2292544699453,125910900
2025-04-07,180.84161376953125,193.48835506739644,174.02491207450518,176.59612158290105,160466300
2025-04-08,171.8323974609375,189.691324966831,168.63334553301246,186.06373055480245,120859500
2025-04-09,198.17234802246094,199.926344669284,171.30421792842867,171.3640110222038,184395900
2025-04-10,189.7710723876953,194.11621470149436,182.37636057603893,188.42568213047016,121880000
2025-04-11,197.47471618652344,198.85997858079665,185.42592149027786,185.46579368960585,87435900
2025-04-14,201.82984924316406,212.2143377637297,200.47448329230923,210.7194495182335,101352900
2025-04-15,201.4511260986328,202.81645240683693,199.11910423874315,201.1720815277121,51343900
2025-04-16,193.6079559326172,200.01603598224625,191.71442177543545,197.68401406478426,59732400
2025-04-17,196.3087158203125,198.15241736523095,193.75744237056688,196.5279673080365,52164700
2025-04-21,192.50173950195312,193.13955785695288,189.1631497833642,192.61136524453693,46742500
2025-04-22,199.059326171875,200.9030125684292,195.3021694205859,195.45165216386687,52976400
2025-04-23,203.9027557373047,207.29116289420588,202.10888686320854,205.29797863560773,52929200
2025-04-24,207.65989685058594,208.11833592046503,202.248408894664,204.1917605029567,47311000
2025-04-25,208.56680297851562,209.0352025034097,205.49729734578435,205.66671618569228,38222300
2025-04-28,209.4238739013672,210.77923983434187,206.7530142372406,209.2843516085664,38743100
2025-04-29,210.490234375,211.51672307140856,207.6599011161091,207.978817902887,36827600
2025-04-30,211.7758331298828,212.8521544830753,205.96569903614,208.58674127234366,52286500
2025-05-01,212.59304809570312,213.82881264887993,208.18809734114114,208.3674918385056,57365700
2025-05-02,204.65020751953125,206.28461806468735,201.4710760745947,205.38767599056177,101010600
2025-05-05,198.21221923828125,203.4044712176219,197.5345438511527,202.40787903175757,69018500
2025-05-06,197.83351135253906,199.96621804369693,196.34859871285207,197.53454585917262,51216500
2025-05-07,195.58120727539062,198.7603386318323,192.59143085844198,198.49125449640593,68536700
2025-05-08,196.81698608398438,199.3682595147921,194.0165494128041,197.04619801698016,50478900
2025-05-09,197.8534393310547,199.85658408831688,196.86680762308345,198.32183886048443,36453900
2025-05-12,210.34713745117188,210.82613996616402,206.31563192374182,210.52676720097676,63775800
2025-05-13,212.48263549804688,212.95164926547025,208.56089957562318,209.98788789546765,51909300
2025-05-14,211.88389587402344,213.49051386836734,210.13757262915965,211.98367663769176,49325800
2025-05-15,211.00575256347656,212.51258988469863,209.0997617101353,210.506803034962,45029500
2025-05-16,210.81614685058594,212.12340739052024,209.3292870180407,211.9138418912236,54737900
2025-05-19,208.3413543701172,209.0398806327114,203.83084657536088,207.47318710280226,46140500
2025-05-20,206.42539978027344,208.03201787298204,204.5992426766309,207.23369558110693,42496600
2025-05-21,201.6654052734375,206.60500227852873,200.28831500749223,204.73893602091724,59211800
2025-05-22,200.9369354248047,202.32401437172413,199.28041949489233,200.2883071907537,46742400
2025-05-23,194.85975646972656,197.28464391104225,193.05356158182016,193.26311186041877,78432900
2025-05-27,199.78936767578125,200.31825293342968,197.01519441683536,197.88337691051132,56288500
2025-05-28,199.99891662597656,202.30406088976383,199.48000488022652,200.16855762950956,45339700
2025-05-29,199.5299072265625,203.38179807643976,198.09293019267844,203.15228556391767,51396800
2025-05-30,200.4280242919922,201.53569281345096,196.36656797106642,198.95112277889336,70819900
2025-06-02,201.27622985839844,201.70533435611304,199.69954757512772,199.85921507319503,35423300
2025-06-03,202.84292602539062,203.34187550579085,200.53778186221837,200.92696184786135,46381600
2025-06-04,202.39389038085938,205.80670326672896,201.67540185470463,202.48369763994597,43604000
2025-06-05,200.20849609375,204.3198354061699,199.7294935749724,203.07246156364138,55126100
2025-06-06,203.49156188964844,205.26782088834017,201.62549563553227,202.57349663849442,46607700
2025-06-09,201.02676391601562,205.56720771427428,199.59977555964565,203.96058960802065,72862600
2025-06-10,202.2441864013672,203.92066462184746,200.14860765917956,200.1785434107301,54672600
2025-06-11,198.36236572265625,204.07034932786254,197.99314795828434,203.0724503091444,60989900
2025-06-12,198.78147888183594,199.26046614106752,196.94534836583952,198.66173587371065,43904600
2025-06-13,196.03726196289062,199.9490243445518,195.2888376882346,199.3103695725812,51447300
2025-06-16,198.0031280517578,198.27256505925683,196.1470352061455,196.8854859861783,43020700
2025-06-17,195.2289581298828,197.97318035709665,194.79986887227625,196.78567812068002,38856200
2025-06-18,196.16697692871094,197.15490236836843,194.66015499959357,195.52832221137376,45394700
2025-06-20,200.57769775390625,201.27622400422058,196.44639652864126,197.8235020126397,96813500
2025-06-23,201.07666015625,201.87498244787415,198.54200324907936,201.20639190632414,55814300
2025-06-24,199.87918090820312,203.0125832870988,199.77938491343542,202.16436301176623,54064000
2025-06-25,201.13653564453125,203.2421033073339,200.19850807531137,201.0267661369261,39525700
2025-06-26,200.57769775390625,202.2142514946699,199.04094000321476,201.00678701240994,50799100
2025-06-27,200.65753173828125,202.7930349784745,199.57979899649257,201.4658274879402,73188600
2025-06-30,204.7389373779297,206.95427439094752,198.84135059390303,201.58557286233471,91912800
2025-07-01,207.3833770751953,209.74839282792448,205.70689884063935,206.23578409144605,78788900
2025-07-02,211.99366760253906,212.8917706186518,207.7026988246806,208.47108532398713,67941800
2025-07-03,213.10134887695312,214.19902871499423,211.36499901814886,211.70428104663077,34955800
2025-07-07,209.50889587402344,215.77570049162512,208.36131809352125,212.23315593085263,50229000
2025-07-08,209.5687713623047,210.98578616820197,208.01205130024096,209.658593847986,42848900
2025-07-09,210.69639587402344,210.8859991217609,206.78463359109693,209.0897778625777,48749400
2025-07-10,211.96372985839844,213.03147386855414,209.58872537016995,210.06771262581316,44443600
2025-07-11,210.7163543701172,211.68431760849728,209.41908263784933,210.12759762046792,39765800
2025-07-14,208.1816864013672,210.46688365912564,207.10395364435493,209.48893166698292,38840100
2025-07-15,208.67066955566406,211.44482767792792,208.48106630115817,208.7804390594974,42296300
2025-07-16,209.71847534179688,211.95375954691573,208.2016644692293,209.8581806046168,47490500
2025-07-17,209.57875061035156,211.3550095983717,209.14964612579556,210.12759810142074,48068100
2025-07-18,210.73631286621094,211.34503189230253,209.25942654413325,210.42696659875526,48974600
2025-07-21,212.0335693359375,215.3266389893317,211.18536434566,211.65437808070223,51377400
2025-07-22,213.94955444335938,214.49840197701596,211.78411528941558,212.69220709721728,46404100
2025-07-23,213.7000732421875,214.69797228179937,211.9637386583707,214.54829351654996,46989300
2025-07-24,213.31088256835938,215.2368355364858,213.08137006420023,213.45058781785585,46022600
2025-07-25,213.43064880371094,214.7877920897316,212.95164630742312,214.24891808809048,40268800
2025-07-28,213.6002960205078,214.39861831079742,212.61237047326716,213.5803337758995,37858000
2025-07-29,210.8261260986328,214.3586818606333,210.37707459375494,213.73000061776605,51411700
2025-07-30,208.6107940673828,211.94377315400357,207.28358653790625,211.454797150492,45512500
2025-07-31,207.1339111328125,209.39913099136336,206.72476887181696,208.0519764228089,80698400
2025-08-01,201.95481872558594,213.1312852679161,201.07666267114303,210.4269720875647,104434500
2025-08-04,202.9227752685547,207.44325668811337,201.25627047720934,204.0803265791815,75109300
2025-08-05,202.49366760253906,204.90858140720596,201.73526982787092,202.97265486934364,44155100
2025-08-06,212.80197143554688,214.9275012748427,205.15806109322384,205.19798558200998,108483100
2025-08-07,219.56771850585938,220.38600300495352,216.12496995802366,218.42014073215765,90224800
2025-08-08,228.86814880371094,230.5146761138317,218.78936250198095,220.36604479784603,113854000
2025-08-11,226.95997619628906,229.33767612130436,224.54232171734583,227.6992650180531,61806100
2025-08-12,229.42758178710938,230.57647717809445,226.8500938879156,227.78917070894937,55626200
2025-08-13,233.10403442382812,234.77241529044048,230.2068337695816,230.8462285986664,69878500
2025-08-14,232.5545654296875,234.89229562265464,230.6264418350812,233.83332460758467,51916300
2025-08-15,231.36570739746094,234.0531046408583,229.11788646444978,233.77337703316005,56038700
2025-08-18,230.66639709472656,232.89423321308522,229.88715369469057,231.47561022214762,37476200
2025-08-19,230.3367156982422,232.64447617946885,229.1278960385577,231.05601964615855,39402600
2025-08-20,225.79110717773438,230.24679444121838,225.55134937034353,229.75726351111018,42263900
2025-08-21,224.68218994140625,226.30063142153253,223.56327948127884,226.05087353353895,30621200
2025-08-22,227.53941345214844,228.8681272027074,225.1916985271248,225.95095699429655,42477800
2025-08-25,226.94000244140625,229.07792927219558,226.01089520624416,226.26065308481304,30983100
2025-08-26,229.08792114257812,229.26775474756235,224.4724002828088,226.65028173376106,54575100
2025-08-27,230.26678466796875,230.676376013076,228.03893336267103,228.38860049855515,31259500
2025-08-28,232.33477783203125,233.18396075811214,229.11789497993007,230.59647266873003,38074700
2025-08-29,231.91517639160156,233.15398096397084,231.145917853049,232.28481317583598,39418400
2025-09-02,229.49752807617188,230.62643860177437,226.75019132336067,229.02798202980685,44075600
2025-09-03,238.2390594482422,238.6186963224971,234.133039090421,236.98028515930878,66427800
2025-09-04,239.5477752685547,239.66765417218173,236.51072617258424,238.21906152531412,47549400
2025-09-05,239.45787048339844,241.08629675958926,238.25903569310344,239.76756781945676,54870400
2025-09-08,237.64962768554688,239.91741830634814,236.11111057683257,239.06825064349684,48999500
2025-09-09,234.123046875,238.5487492683241,233.13400016518182,236.77047435136637,66313900
2025-09-10,226.5703582763672,232.19491077497392,225.73117543382176,231.96513778704139,83440800
2025-09-11,229.80722045898438,230.22681187017153,226.43048902665416,226.66027725307507,50208600
2025-09-12,233.84332275390625,234.28288383192944,228.79821036620638,228.9980136278554,55824200
2025-09-15,236.47076416015625,237.95932665324483,234.80238330570734,236.77047667310174,42699500
2025-09-16,237.9193572998047,240.98639147239973,236.09114297984144,236.9502954777413,63421100
2025-09-17,238.75856018066406,239.86748583209587,237.4997706474641,238.73857528095925,46508000
2025-09-18,237.64962768554688,240.9664044724694,236.4208079152849,239.737599946219,44249600
2025-09-19,245.26223754882812,246.06146581163878,239.9773675285625,240.99636870073516,163741300
2025-09-22,255.8319854736328,256.3914711896616,247.8797028858207,248.05953649140056,105517400
2025-09-23,254.18359375,257.0907792625319,253.33442606621003,255.63220171436936,60275200
2025-09-24,252.06564331054688,255.4923293909784,250.79686899703333,254.9728287261993,42303700
2025-09-25,256.6212158203125,256.9209435623003,251.466224879955,252.96477212582877,55202100
2025-09-26,255.2126007080078,257.3505275669758,253.5342198150173,253.8539172209246,46076300
2025-09-29,254.18359375,254.75304905914027,252.76497075706976,254.31347273152574,40127700
2025-09-30,254.38340759277344,255.67215158054225,252.8648753735947,254.61318058017173,37704300
2025-10-01,255.20260620117188,258.53938316103813,254.6831055272507,254.7929996074261,48713900
2025-10-02,256.8809814453125,257.9299523535748,253.9038565188199,256.33149581258533,42630200
2025-10-03,257.7701110839844,258.9889308017334,253.70406057825727,254.42336451804394,49155600
2025-10-06,256.44140625,258.819106172963,254.80299514816292,257.7401350456914,44664100
2025-10-07,256.23162841796875,257.15072039039774,255.18262697514498,256.56129542181253,31955800
2025-10-08,257.8100891113281,258.2696351050741,255.8619653198879,256.2715719294531,36496900
2025-10-09,253.79396057128906,257.75013209688524,252.8948383011137,257.5603136690899,38322000
2025-10-10,245.032470703125,256.13171175032437,243.76369637579657,254.69310389004832,61999100
2025-10-13,247.42015075683594,249.44818352992385,245.32217845998096,249.13848619669534,38142900
2025-10-14,247.53004455566406,248.60900042906025,244.46301046499008,246.36117950382103,35478000
2025-10-15,249.09852600097656,251.5761352503302,247.2303418581919,249.24838988167792,33893600
2025-10-16,247.21035766601562,248.79881419551728,244.8926123625184,248.00958596667436,39777000
2025-10-17,252.045654296875,253.13461023404025,247.03052706557392,247.77980070207627,49147000
2025-10-20,261.98602294921875,264.1239650925819,255.3824390623343,255.64218177653177,90483000
2025-10-21,262.5155029296875,265.03308188579996,261.5764108568555,261.6263807259345,46695900
2025-10-22,258.19970703125,262.5954395959732,255.18261234613632,262.3956210979312,45015300
2025-10-23,259.3285827636719,260.36758405794774,257.76012648314656,259.68824995662277,32754900
2025-10-24,262.56549072265625,263.87421967110856,258.9290010880386,260.93706434715574,38253700
2025-10-27,268.5496520996094,268.8593494221352,264.3936774471076,264.6234656652487,44888200
2025-10-28,268.7394714355469,269.6286240979669,267.8902885694659,268.7294713644567,41534800
2025-10-29,269.4388122558594,271.1471476128123,266.85129379808274,269.01920560410514,51086700
2025-10-30,271.13714599609375,273.87451306817263,268.2199910571769,271.72657092903916,69886500
2025-10-31,270.108154296875,277.05143573891627,268.89933466249033,276.721738255342,86167100
2025-11-03,268.7894287109375,270.5877038096653,265.9921525413924,270.15812755648943,50194600
2025-11-04,269.7784729003906,271.22705027239556,267.36080327265466,268.0701070960229,49274800
2025-11-05,269.8783874511719,271.43687417180433,266.67147434431234,268.3498399683747,43683100
2025-11-06,269.50872802734375,273.1352174017799,267.6305743388968,267.6305743388968,51204000
2025-11-07,268.2099914550781,272.02629915101613,266.51162568814635,269.5386899523433,48227400
2025-11-10,269.42999267578125,273.7300109863281,267.4599914550781,268.9599914550781,41312400
2025-11-11,275.25,275.9100036621094,269.79998779296875,269.80999755859375,46208300
2025-11-12,273.4700012207031,275.7300109863281,271.70001220703125,275.0,48398000
2025-11-13,272.95001220703125,276.70001220703125,272.0899963378906,274.1099853515625,49602800
2025-11-14,272.4100036621094,275.9599914550781,269.6000061035156,271.04998779296875,47431300
2025-11-17,267.4599914550781,270.489990234375,265.7300109863281,268.82000732421875,45018300
2025-11-18,267.44000244140625,270.7099914550781,265.32000732421875,269.989990234375,45677300
2025-11-19,268.55999755859375,272.2099914550781,265.5,265.5299987792969,40424500
2025-11-20,266.25,275.42999267578125,265.9200134277344,270.8299865722656,45823600
2025-11-21,271.489990234375,273.3299865722656,265.6700134277344,265.95001220703125,59030800
2025-11-24,275.9200134277344,277.0,270.8999938964844,270.8999938964844,65585800
2025-11-25,276.9700012207031,280.3800048828125,275.25,275.2699890136719,46914200
2025-11-26,277.54998779296875,279.5299987792969,276.6300048828125,276.9599914550781,33431400
2025-11-28,278.8500061035156,279.0,275.989990234375,277.260009765625,20135600
2025-12-01,283.1000061035156,283.4200134277344,276.1400146484375,278.010009765625,46587700
2025-12-02,286.19000244140625,287.3999938964844,282.6300048828125,283.0,53669500
2025-12-03,284.1499938964844,288.6199951171875,283.29998779296875,286.20001220703125,43538700
2025-12-04,280.70001220703125,284.7300109863281,278.5899963378906,284.1000061035156,43989100
2025-12-05,278.7799987792969,281.1400146484375,278.04998779296875,280.5400085449219,47265800
2025-12-08,277.8900146484375,279.6700134277344,276.1499938964844,278.1300048828125,38211800
2025-12-09,277.17999267578125,280.0299987792969,276.9200134277344,278.1600036621094,32193300
2025-12-10,278.7799987792969,279.75,276.44000244140625,277.75,33038300
2025-12-11,278.0299987792969,279.5899963378906,273.80999755859375,279.1000061035156,33248000
2025-12-12,278.2799987792969,279.2200012207031,276.82000732421875,277.8999938964844,39532900
2025-12-15,274.1099853515625,280.1499938964844,272.8399963378906,280.1499938964844,50409100
2025-12-16,274.6099853515625,275.5,271.7900085449219,272.82000732421875,37648600
2025-12-17,271.8399963378906,276.1600036621094,271.6400146484375,275.010009765625,50138700
2025-12-18,272.19000244140625,273.6300048828125,266.95001220703125,273.6099853515625,51630700
2025-12-19,273.6700134277344,274.6000061035156,269.8999938964844,272.1499938964844,144632000
2025-12-22,270.9700012207031,273.8800048828125,270.510009765625,272.8599853515625,36571800
2025-12-23,272.3599853515625,272.5,269.55999755859375,270.8399963378906,29642000
2025-12-24,273.80999755859375,275.42999267578125,272.20001220703125,272.3399963378906,17910600
2025-12-26,273.3999938964844,275.3699951171875,272.8599853515625,274.1600036621094,21521800
2025-12-29,273.760009765625,274.3599853515625,272.3500061035156,272.69000244140625,23700400
2025-12-30,272.8949890136719,274.0799865722656,272.3948059082031,272.8349914550781,6565444
